{
    "initial_rate": 50.0,
    "new_rate": 61.33333333333333,
    "improvement": 11.333333333333329,
    "total_learned": 17
}